Airport	State	City	Airport Name	Airport Size	Map																				
1G4	AZ	Peach Springs	Grand Canyon West Airport	Non-Hub
6Y8	MI	Beaver Island	Welke Airport	Non-Hub
ABE	PA	Allentown	Lehigh Valley International Airport	Non-Hub
ABI	TX	Abilene	Abilene Regional Airport	Non-Hub
ABQ	NY	Albuquerque	Albuquerque International Sunport	Medium Hub
ABR	SD	Aberdeen	Aberdeen Regional Airport	Non-Hub
ABY	GA	Albany	Southwest Georgia Regional Airport	Non-Hub
ACK	MA	Nantucket	Nantucket Memorial Airport	Non-Hub
ACT	TX	Waco	Waco Regional Airport	Non-Hub
ACV	CA	Arcata/Eureka	Arcata Airport	Non-Hub
ACY	NJ	Atlantic City	Atlantic City International Airport	Small Hub
ADQ	AK	Kodiak	Kodiak Airport	Non-Hub
AEX	LA	Alexandria	Alexandria International Airport	Non-Hub
AGS	GA	Augusta	Augusta Regional Airport (Bush Field)	Non-Hub
AKN	AK	King Salmon	King Salmon Airport	Non-Hub
ALB	NY	Albany	Albany International Airport	Small Hub
ALO	IA	Waterloo	Waterloo Regional Airport	Non-Hub
ALW	WA	Walla Walla	Walla Walla Regional Airport	Non-Hub
AMA	TX	Amarillo	Rick Husband Amarillo International Airport	Non-Hub
ANC	AK	Anchorage	Ted Stevens Anchorage International Airport	Medium Hub
ANI	AK	Aniak	Aniak Airport	Non-Hub
APN	MI	Alpena	Alpena County Regional Airport	Non-Hub
ART	NY	Watertown	Watertown International Airport	Non-Hub
ASE	CA	Aspen	Aspen-Pitkin County Airport (Sardy Field)	Non-Hub
ATL	GA	Atlanta	Hartsfield–Jackson Atlanta International Airport	Large Hub
ATW	WI	Appleton	Appleton International Airport	Non-Hub
AUS	TX	Austin	Austin-Bergstrom International Airport	Medium Hub
AVL	NC	Asheville	Asheville Regional Airport	Small Hub
AVP	PA	Wilkes-Barre/Scranton	Wilkes-Barre/Scranton International Airport	Non-Hub
AZO	MI	Kalamazoo/Battle Creek	Kalamazoo/Battle Creek International Airport	Non-Hub
BDL	CT	Hartford	Bradley International Airport	Medium Hub
BET	AK	Bethel	Bethel Airport (also see Bethel Seaplane Base)	Non-Hub
BFI	WA	Seattle	King County International Airport (Boeing Field)	Non-Hub
BFL	CA	Bakersfield	Meadows Field	Non-Hub
BGM	NY	Binghamton	Greater Binghamton Airport (Edwin A. Link Field)	Non-Hub
BGR	ME	Bangor	Bangor International Airport	Non-Hub
BHM	AL	Birmingham	Birmingham–Shuttlesworth International Airport	Small Hub
BID	RI	Block Island/New Shoreham	Block Island State Airport	Non-Hub
BIL	MT	Billings	Billings Logan International Airport	Small Hub
BIS	ND	Bismarck	Bismarck Municipal Airport	Non-Hub
BJI	MN	Bemidji	Bemidji Regional Airport	Non-Hub
BLI	WA	Bellingham	Bellingham International Airport	Small Hub
BLV	IL	Belleville	MidAmerica St. Louis Airport/Scott Air Force Base	Non-Hub
BMI	IL	Bloomington/Normal	Central Illinois Regional Airport at Bloomington-Normal	Non-Hub
BNA	TN	Nashville	Nashville International Airport (Berry Field)	Medium Hub
BOI	ID	Boise	Boise Air Terminal (Gowen Field)	Small Hub
BOS	MA	Boston	Gen. Edward Lawrence Logan International Airport	Large Hub
BPT	TX	Beaumont/Port Arthur	Jack Brooks Regional Airport	Non-Hub
BQK	GA	Brunswick	Brunswick Golden Isles Airport	Non-Hub
BQN	PR	Aguadilla	Rafael Hernández International Airport	Non-Hub
BRD	MN	Brainerd	Brainerd Lakes Regional Airport	Non-Hub
BRO	TX	Brownsville	Brownsville/South Padre Island International Airport	Non-Hub
BRW	AK	Barrow	Wiley Post–Will Rogers Memorial Airport	Non-Hub
BTM	MT	Butte	Bert Mooney Airport	Non-Hub
BTR	LA	Baton Rouge	Baton Rouge Metropolitan Airport (Ryan Field)	Non-Hub
BTV	VT	Burlington	Burlington International Airport	Small Hub
BUF	NY	Buffalo	Buffalo Niagara International Airport	Medium Hub
BUR	CA	Burbank	Bob Hope Airport (Hollywood Burbank Airport)	Medium Hub
BVU	NV	Boulder City	Boulder City Municipal Airport	Non-Hub
BWI	MD	Baltimore/Glen Burnie	Baltimore/Washington International Thurgood Marshall Airport	Large Hub
BZN	MT	Bozeman	Bozeman Yellowstone International Airport	Small Hub
CAE	SC	Columbia	Columbia Metropolitan Airport	Small Hub
CAK	OH	Akron/Canton	Akron-Canton Regional Airport	Small Hub
CDV	AK	Cordova	Merle K. (Mudhole) Smith Airport	Non-Hub
CEC	CA	Crescent City	Del Norte County Airport (Jack McNamara Field)	Non-Hub
CHA	TN	Chattanooga	Chattanooga Metropolitan Airport (Lovell Field)	Non-Hub
CHO	VA	Charlottesville	Charlottesville–Albemarle Airport	Non-Hub
CHS	SC	Charleston	Charleston International Airport/Charleston AFB	Small Hub
CIC	AR	Chico	Chico Municipal Airport	Non-Hub
CID	IA	Cedar Rapids	The Eastern Iowa Airport	Small Hub
CIU	MI	Sault Ste. Marie	Chippewa County International Airport	Non-Hub
CKB	WV	Clarksburg	North Central West Virginia Airport	Non-Hub
CLE	OH	Cleveland	Cleveland-Hopkins International Airport	Medium Hub
CLL	TX	College Station	Easterwood Airport (Easterwood Field)	Non-Hub
CLM	WA	Port Angeles	William R. Fairchild International Airport	Non-Hub
CLT	NC	Charlotte	Charlotte/Douglas International Airport	Large Hub
CMH	OH	Columbus	John Glenn Columbus International Airport	Medium Hub
CMI	IL	Champaign/Urbana	University of Illinois - Willard Airport	Non-Hub
CMX	MI	Hancock/Calumet	Houghton County Memorial Airport	Non-Hub
COD	WY	Cody	Yellowstone Regional Airport	Non-Hub
COS	CA	Colorado Springs	City of Colorado Springs Municipal Airport	Small Hub
COU	MS	Columbia	Columbia Regional Airport	Non-Hub
CPR	WY	Casper	Casper/Natrona County International Airport	Non-Hub
CRP	TX	Corpus Christi/Kingsville	Corpus Christi International Airport	Non-Hub
CRQ	CA	Carlsbad	McClellan–Palomar Airport	Non-Hub
CRW	WV	Charleston	Yeager Airport	Non-Hub
CSG	GA	Columbus	Columbus Metropolitan Airport	Non-Hub
CVG	KY	Cincinnati/Covington	Cincinnati/Northern Kentucky International Airport	Medium Hub
CWA	WI	Mosinee	Central Wisconsin Airport	Non-Hub
CYS	WY	Cheyenne	Cheyenne Regional Airport (Jerry Olson Field)	Non-Hub
DAB	FL	Daytona Beach	Daytona Beach International Airport	Non-Hub
DAL	TX	Dallas	Dallas Love Field	Medium Hub
DAY	OH	Dayton	James M. Cox Dayton International Airport	Small Hub
DBQ	IA	Dubuque	Dubuque Regional Airport	Non-Hub
DCA	VT	Washington, D.C./Arlington County	Ronald Reagan Washington National Airport	Large Hub
DEN	CA	Denver	Denver International Airport	Large Hub
DFW	TX	Dallas-Fort Worth	Dallas/Fort Worth International Airport	Large Hub
DHN	AL	Dothan	Dothan Regional Airport	Non-Hub
DIK	ND	Dickinson	Dickinson Theodore Roosevelt Regional Airport	Non-Hub
DLG	AK	Dillingham	Dillingham Airport	Non-Hub
DLH	MN	Duluth	Duluth International Airport	Non-Hub
DRO	CA	Durango	Durango-La Plata County Airport	Non-Hub
DRT	TX	Del Rio	Del Rio International Airport	Non-Hub
DSM	IA	Des Moines	Des Moines International Airport	Small Hub
DTW	MI	Detroit/Romulus	Detroit Metropolitan Wayne County Airport	Large Hub
DUT	AK	Unalaska	Unalaska Airport (Tom Madsen Airport)	Non-Hub
EAT	WA	Wenatchee	Pangborn Memorial Airport	Non-Hub
EAU	WI	Eau Claire	Chippewa Valley Regional Airport	Non-Hub
ECP	FL	Panama City Beach	Northwest Florida Beaches International Airport	Small Hub
EGE	CA	Eagle	Eagle County Regional Airport	Non-Hub
EKO	NV	Elko	Elko Regional Airport (J.C. Harris Field)	Non-Hub
ELM	NY	Elmira/Corning	Elmira/Corning Regional Airport	Non-Hub
ELP	TX	El Paso	El Paso International Airport	Small Hub
ENA	AK	Kenai	Kenai Municipal Airport	Non-Hub
ENV	UT	Wendover	Wendover Airport (charter flights)	Non-Hub [nb 5]
ERI	PA	Erie	Erie International Airport (Tom Ridge Field)	Non-Hub
ESC	MI	Escanaba	Delta County Airport	Non-Hub
EUG	OR	Eugene	Eugene Airport (Mahlon Sweet Field)	Small Hub
EVV	IN	Evansville	Evansville Regional Airport	Non-Hub
EWN	NC	New Bern	Coastal Carolina Regional Airport	Non-Hub
EWR		Newark	Newark Liberty International Airport	Large Hub
EYW	FL	Key West	Key West International Airport	Small Hub
FAI	AK	Fairbanks	Fairbanks International Airport	Small Hub
FAR	ND	Fargo	Hector International Airport	Small Hub
FAT	CA	Fresno	Fresno Yosemite International Airport	Small Hub
FAY	NC	Fayetteville	Fayetteville Regional Airport (Grannis Field)	Non-Hub
FHR	WA	Friday Harbor	Friday Harbor Airport	Non-Hub
FLG	AZ	Flagstaff	Flagstaff Pulliam Airport	Non-Hub
FLL	FL	Fort Lauderdale	Fort Lauderdale–Hollywood International Airport	Large Hub
FLO	SC	Florence	Florence Regional Airport	Non-Hub
FMN	NY	Farmington	Four Corners Regional Airport	Non-Hub
FNT	MI	Flint	Bishop International Airport	Small Hub
FSD	SD	Sioux Falls	Sioux Falls Regional Airport (Joe Foss Field)	Small Hub
FSM	AR	Fort Smith	Fort Smith Regional Airport	Non-Hub
FWA	IN	Fort Wayne	Fort Wayne International Airport	Non-Hub
GAL	AK	Galena	Edward G. Pitka Sr. Airport	Non-Hub
GCC	WY	Gillette	Gillette-Campbell County Airport	Non-Hub
GCK	KS	Garden City	Garden City Regional Airport	Non-Hub
GCN	AZ	Grand Canyon/Tusayan	Grand Canyon National Park Airport	Non-Hub
GEG	WA	Spokane	Spokane International Airport (Geiger Field)	Small Hub
GFK	ND	Grand Forks	Grand Forks International Airport	Non-Hub
GGG	TX	Longview	East Texas Regional Airport	Non-Hub
GJT	CA	Grand Junction	Grand Junction Regional Airport (Walker Field)	Non-Hub
GNV	FL	Gainesville	Gainesville Regional Airport	Non-Hub
GPI	MT	Kalispell	Glacier Park International Airport	Non-Hub
GPT	MS	Gulfport/Biloxi	Gulfport–Biloxi International Airport	Non-Hub
GRB	WI	Green Bay	Green Bay–Austin Straubel International Airport	Non-Hub
GRI	NE	Grand Island	Central Nebraska Regional Airport	Non-Hub
GRK	TX	Fort Hood/Killeen/Temple	Killeen-Fort Hood Regional Airport/Robert Gray Army Airfield	Non-Hub
GRO	GU	Rota Island	Rota International Airport	Non-Hub
GRR	MI	Grand Rapids	Gerald R. Ford International Airport	Small Hub
GSN	GU	Obyan, Saipan Island	Saipan International Airport (Francisco C. Ada)	Small Hub
GSO	NC	Greensboro	Piedmont Triad International Airport	Small Hub
GSP	SC	Greenville	Greenville-Spartanburg International Airport (Roger Milliken Field)	Small Hub
GST	AK	Gustavus	Gustavus Airport	Non-Hub
GTF	MT	Great Falls	Great Falls International Airport	Non-Hub
GTR	MS	Columbus/West Point/Starkville	Golden Triangle Regional Airport	Non-Hub
GUC	CA	Gunnison	Gunnison-Crested Butte Regional Airport	Non-Hub
GUM	GU	Agana/Tamuning	Antonio B. Won Pat International Airport	Small Hub
HDN	CA	Hayden	Yampa Valley Airport (Yampa Valley Regional)	Non-Hub
HGR	MD	Hagerstown	Hagerstown Regional Airport (Richard A. Henson Field)	Non-Hub
HIB	MN	Hibbing	Range Regional Airport	Non-Hub
HLN	MT	Helena	Helena Regional Airport	Non-Hub
HNH	AK	Hoonah	Hoonah Airport	Non-Hub
HNL	HI	Honolulu, Oahu	Daniel K. Inouye International Airport	Large Hub
HOB	NY	Hobbs	Lea County Regional Airport	Non-Hub
HOM	AK	Homer	Homer Airport	Non-Hub
HOU	TX	Houston	William P. Hobby Airport	Medium Hub
HPN	NY	White Plains	Westchester County Airport	Small Hub
HRL	TX	Harlingen	Valley International Airport	Non-Hub
HSV	AL	Huntsville	Huntsville International Airport (Carl T. Jones Field)	Small Hub
HTS	WV	Huntington	Tri-State Airport (Milton J. Ferguson Field)	Non-Hub
HVN	CT	New Haven	Tweed New Haven Regional Airport	Non-Hub
HXD	SC	Hilton Head Island	Hilton Head Airport	Non-Hub
HYA	MA	Hyannis	Barnstable Municipal Airport (Boardman/Polando Field)	Non-Hub
IAD	VT	Washington, D.C./Dulles/Chantilly	Washington Dulles International Airport	Large Hub
IAG	NY	Niagara Falls	Niagara Falls International Airport	Non-Hub
IAH	TX	Houston	George Bush Intercontinental Airport	Large Hub
ICT	KS	Wichita	Wichita Dwight D. Eisenhower National Airport	Small Hub
IDA	ID	Idaho Falls	Idaho Falls Regional Airport (Fanning Field)	Non-Hub
IFP	AZ	Bullhead City	Laughlin/Bullhead International Airport	Non-Hub
ILG	DE	Wilmington	Wilmington Airport	Non-Hub
ILM	NC	Wilmington	Wilmington International Airport	Non-Hub
IMT	MI	Iron Mountain/Kingsford	Ford Airport	Non-Hub
IND	IN	Indianapolis	Indianapolis International Airport	Medium Hub
INL	MN	International Falls	Falls International Airport	Non-Hub
IPT	PA	Williamsport	Williamsport Regional Airport	Non-Hub
ISN	ND	Williston	Sloulin Field International Airport	Non-Hub
ISP	NY	Islip	Long Island MacArthur Airport	Small Hub
ITH	NY	Ithaca	Ithaca Tompkins Regional Airport	Non-Hub
ITO	HI	Hilo, Hawaii	Hilo International Airport	Small Hub
IWA	AZ	Mesa	Phoenix–Mesa Gateway Airport	Small Hub
JAC	WY	Jackson	Jackson Hole Airport	Non-Hub
JAN	MS	Jackson	Jackson–Evers International Airport	Small Hub
JAX	FL	Jacksonville	Jacksonville International Airport	Medium Hub
JFK	NY	New York	John F. Kennedy International Airport	Large Hub
JLN	MS	Joplin	Joplin Regional Airport	Non-Hub
JNU	AK	Juneau	Juneau International Airport	Non-Hub
KOA	HI	Kailua-Kona, Hawaii	Kona International Airport at Keahole	Small Hub
KSM	AK	St. Mary's	St. Mary's Airport	Non-Hub
KTN	AK	Ketchikan	Ketchikan International Airport	Non-Hub
LAN	MI	Lansing	Capital Region International Airport	Non-Hub
LAS	NV	Las Vegas	McCarran International Airport	Large Hub
LAW	OK	Lawton	Lawton–Fort Sill Regional Airport	Non-Hub
LAX	CA	Los Angeles	Los Angeles International Airport	Large Hub
LBB	TX	Lubbock	Lubbock Preston Smith International Airport	Small Hub
LBE	PA	Latrobe	Arnold Palmer Regional Airport	Non-Hub
LCH	LA	Lake Charles	Lake Charles Regional Airport	Non-Hub
LCK	OH	Columbus	Rickenbacker International Airport	Non-Hub
LEB	NH	Lebanon	Lebanon Municipal Airport	Non-Hub
LEX	KY	Lexington	Blue Grass Airport	Small Hub
LFT	LA	Lafayette	Lafayette Regional Airport	Non-Hub
LGA	NY	New York	LaGuardia Airport (and Marine Air Terminal)	Large Hub
LGB	CA	Long Beach	Long Beach Airport (Daugherty Field)	Small Hub
LHD	AK	Anchorage	Lake Hood Seaplane Base	Non-Hub
LIH	HI	Lihue, Kauai	Lihue Airport	Small Hub
LIT	AR	Little Rock	Bill and Hillary Clinton National Airport (Adams Field)	Small Hub
LMT	OR	Klamath Falls	Klamath Falls Airport (Kingsley Field)	Non-Hub
LNK	NE	Lincoln	Lincoln Airport	Non-Hub
LNY	HI	Lanai City, Lanai	Lanai Airport	Non-Hub
LRD	TX	Laredo	Laredo International Airport	Non-Hub
LSE	WI	La Crosse	La Crosse Regional Airport	Non-Hub
LUK	OH	Cincinnati	Cincinnati Municipal Lunken Airport	Non-Hub
LWB	WV	Lewisburg	Greenbrier Valley Airport	Non-Hub
LWS	ID	Lewiston	Lewiston-Nez Perce County Airport	Non-Hub
LYH	VA	Lynchburg	Lynchburg Regional Airport (Preston Glenn Field)	Non-Hub
MAF	TX	Midland	Midland International Airport	Small Hub
MBS	MI	Saginaw	MBS International Airport	Non-Hub
MCI	MS	Kansas City	Kansas City International Airport	Medium Hub
MCO	FL	Orlando	Orlando International Airport	Large Hub
MDT	PA	Harrisburg/Middletown	Harrisburg International Airport	Small Hub
MDW	IL	Chicago	Chicago Midway International Airport	Large Hub
MEM	TN	Memphis	Memphis International Airport	Small Hub
MFE	TX	McAllen	McAllen-Miller International Airport (McAllen Miller International)	Small Hub
MFR	OR	Medford	Rogue Valley International-Medford Airport	Non-Hub
MGM	AL	Montgomery	Montgomery Regional Airport (Dannelly Field)	Non-Hub
MGW	WV	Morgantown	Morgantown Municipal Airport (Walter L. Bill Hart Field)	Non-Hub
MHK	KS	Manhattan	Manhattan Regional Airport	Non-Hub
MHT	NH	Manchester	Manchester–Boston Regional Airport	Small Hub
MIA	FL	Miami	Miami International Airport	Large Hub
MKE	WI	Milwaukee	General Mitchell International Airport	Medium Hub
MKG	MI	Muskegon	Muskegon County Airport	Non-Hub
MKK	HI	Kaunakakai, Molokai	Molokai Airport	Non-Hub
MLB	FL	Melbourne	Melbourne International Airport	Non-Hub
MLI	IL	Moline	Quad City International Airport	Non-Hub
MLU	LA	Monroe	Monroe Regional Airport	Non-Hub
MMH	CA	Mammoth Lakes	Mammoth Yosemite Airport	Non-Hub [nb 1]
MOB	AL	Mobile	Mobile Regional Airport	Non-Hub
MOD	CA	Modesto	Modesto City–County Airport (Harry Sham Field)	Non-Hub
MOT	ND	Minot	Minot International Airport	Non-Hub
MRI	AK	Anchorage	Merrill Field	Non-Hub
MRY	AR	Monterey	Monterey Regional Airport	Non-Hub
MSN	WI	Madison	Dane County Regional Airport (Truax Field)	Small Hub
MSO	MT	Missoula	Missoula International Airport	Non-Hub
MSP	MN	Minneapolis	Minneapolis–St. Paul International Airport (Wold–Chamberlain Field)	Large Hub
MSY	LA	New Orleans	Louis Armstrong New Orleans International Airport	Medium Hub
MTJ	CA	Montrose	Montrose Regional Airport	Non-Hub
MVY	MA	Vineyard Haven	Martha's Vineyard Airport	Non-Hub
MWA	IL	Marion	Williamson County Regional Airport	Non-Hub
MYR	SC	Myrtle Beach	Myrtle Beach International Airport	Small Hub
NYL	AZ	Yuma	Yuma International Airport/MCAS Yuma	Non-Hub
OAJ	NC	Jacksonville	Albert J. Ellis Airport	Non-Hub
OAK	CA	Oakland	Oakland International Airport	Medium Hub
OGG	HI	Kahului, Maui	Kahului Airport	Medium Hub
OKC	OK	Oklahoma City	Will Rogers World Airport	Small Hub
OMA	NE	Omaha	Eppley Airfield	Medium Hub
OME	AK	Nome	Nome Airport	Non-Hub
ONT	CA	Ontario	Ontario International Airport	Medium Hub
ORD	IL	Chicago	Chicago O'Hare International Airport	Large Hub
ORF	VA	Norfolk	Norfolk International Airport	Small Hub
ORH	MA	Worcester	Worcester Regional Airport	Non-Hub
OTH	OR	North Bend	Southwest Oregon Regional Airport	Non-Hub
OTZ	AK	Kotzebue	Ralph Wien Memorial Airport	Non-Hub
OWB	KY	Owensboro	Owensboro-Daviess County Regional Airport	Non-Hub
PAH	KY	Paducah	Barkley Regional Airport	Non-Hub
PBG	NY	Plattsburgh	Plattsburgh International Airport	Non-Hub
PBI	FL	West Palm Beach	Palm Beach International Airport	Medium Hub
PDX	OR	Portland	Portland International Airport	Large Hub
PGA	AZ	Page	Page Municipal Airport	Non-Hub
PGD	FL	Punta Gorda	Punta Gorda Airport	Non-Hub
PGV	NC	Greenville	Pitt-Greenville Airport	Non-Hub
PHF	VA	Newport News	Newport News/Williamsburg International Airport (Patrick Henry Field)	Non-Hub
PHL	PA	Philadelphia	Philadelphia International Airport	Large Hub
PHX	AZ	Phoenix	Phoenix Sky Harbor International Airport	Large Hub
PIA	IL	Peoria	General Wayne A. Downing Peoria International Airport	Medium Hub
PIB	MS	Hattiesburg/Laurel	Hattiesburg–Laurel Regional Airport	Non-Hub
PIE	FL	St. Petersburg/Clearwater	St. Pete–Clearwater International Airport	Small Hub
PIH	ID	Pocatello/Arbon Valley	Pocatello Regional Airport	Non-Hub
PIR	SD	Pierre	Pierre Regional Airport	Non-Hub
PIT	PA	Pittsburgh	Pittsburgh International Airport	Medium Hub
PLN	MI	Pellston	Pellston Regional Airport of Emmet County	Non-Hub
PNS	FL	Pensacola	Pensacola International Airport (Pensacola Gulf Coast Regional Airport)	Small Hub
PPG	AS	Pago Pago, Tutuila	Pago Pago International Airport	Non-Hub
PQI	ME	Presque Isle	Northern Maine Regional Airport at Presque Isle	Non-Hub
PSC	WA	Pasco	Tri-Cities Airport	Non-Hub
PSE	PR	Ponce	Mercedita International Airport	Non-Hub
PSG	AK	Petersburg	Petersburg James A. Johnson Airport	Non-Hub
PSM	NH	Portsmouth	Portsmouth International Airport at Pease	Non-Hub
PSP	CA	Palm Springs	Palm Springs International Airport	Small Hub
PUW	WA	Pullman/Moscow, Idaho	Pullman/Moscow Regional Airport	Non-Hub
PVC	MA	Provincetown	Provincetown Municipal Airport	Non-Hub
PVD	RI	Providence/Warwick	Theodore Francis Green State Airport	Small Hub
PVU	UT	Provo	Provo Municipal Airport	Non-Hub [nb 3]
PWM	ME	Portland	Portland International Jetport	Small Hub
RAP	SD	Rapid City	Rapid City Regional Airport	Non-Hub
RDD	CA	Redding	Redding Municipal Airport	Non-Hub
RDM	OR	Redmond	Redmond Municipal Airport (Roberts Field)	Non-Hub
RDU	NC	Raleigh	Raleigh-Durham International Airport	Medium Hub
RFD	IL	Rockford	Chicago Rockford International Airport	Non-Hub
RHI	WI	Rhinelander	Rhinelander-Oneida County Airport	Non-Hub
RIC	VI	Richmond	Richmond International Airport (Byrd Field)	Small Hub
RIW	WY	Riverton	Riverton Regional Airport	Non-Hub
RKD	ME	Rockland	Knox County Regional Airport	Non-Hub
RKS	WY	Rock Springs	Southwest Wyoming Regional Airport (Rock Springs–Sweetwater County Airport)	Non-Hub
RNO	NV	Reno	Reno/Tahoe International Airport	Small Hub
ROA	VI	Roanoke	Roanoke Regional Airport (Woodrum Field)	Non-Hub
ROC	NY	Rochester	Greater Rochester International Airport	Small Hub
ROW	NY	Roswell	Roswell International Air Center	Non-Hub
RST	MN	Rochester	Rochester International Airport	Non-Hub
RSW	FL	Fort Myers	Southwest Florida International Airport	Medium Hub
RVR	PR	Ceiba	José Aponte de la Torre Airport	Non-Hub
SAF	NY	Santa Fe	Santa Fe Municipal Airport	Non-Hub
SAN	CA	San Diego	San Diego International Airport (Lindbergh Field)	Large Hub
SAT	TX	San Antonio	San Antonio International Airport	Medium Hub
SAV	GA	Savannah	Savannah/Hilton Head International Airport	Small Hub
SAW	MI	Marquette/Gwinn	Sawyer International Airport	Non-Hub
SBA	CA	Santa Barbara	Santa Barbara Municipal Airport (Santa Barbara Airport)	Non-Hub
SBN	IN	South Bend	South Bend International Airport	Non-Hub
SBP	CA	San Luis Obispo	San Luis Obispo County Regional Airport (McChesney Field)	Non-Hub
SBY	MD	Salisbury	Salisbury-Ocean City Wicomico Regional Airport	Non-Hub
SCC	AK	Deadhorse/Prudhoe Bay	Deadhorse Airport (Prudhoe Bay Airport)	Non-Hub
SCK	CA	Stockton	Stockton Metropolitan Airport	Non-Hub
SDF	KY	Louisville	Louisville International Airport (Standiford Field)	Small Hub
SEA	WA	Seattle/Tacoma (SeaTac)	Seattle–Tacoma International Airport	Large Hub
SFB	FL	Orlando/Sanford	Orlando Sanford International Airport	Small Hub
SFO	CA	San Francisco	San Francisco International Airport	Large Hub
SGF	MS	Springfield	Springfield-Branson National Airport	Non-Hub
SGJ	FL	St. Augustine	Northeast Florida Regional Airport	Non-Hub
SGU	UT	St. George	St. George Regional Airport	Non-Hub [nb 4]
SHD	VT	Staunton/Waynesboro/Harrisonburg	Shenandoah Valley Regional Airport	Non-Hub [nb 6]
SHR	WV	Sheridan	Sheridan County Airport	Non-Hub
SHV	LA	Shreveport	Shreveport Regional Airport	Non-Hub
SIG	PR	San Juan/Miramar	Fernando Luis Ribas Dominicci Airport (Isla Grande Airport)	Non-Hub
SIT	AK	Sitka	Sitka Rocky Gutierrez Airport	Non-Hub
SJC	CA	San Jose	Norman Y. Mineta San José International Airport	Medium Hub
SJT	TX	San Angelo	San Angelo Regional Airport (Mathis Field)	Non-Hub
SJU	PR	San Juan/Carolina	Luis Muñoz Marín International Airport	Medium Hub
SLC	UT	Salt Lake City	Salt Lake City International Airport	Large Hub
SMF	CA	Sacramento	Sacramento International Airport	Medium Hub
SMX	CA	Santa Maria	Santa Maria Public Airport (Capt G. Allan Hancock Field)	Non-Hub
SNA	CA	Santa Ana	John Wayne Airport (was Orange County Airport)	Medium Hub
SPI	IL	Springfield	Abraham Lincoln Capital Airport	Non-Hub
SPS	TX	Wichita Falls	Wichita Falls Municipal Airport/Sheppard Air Force Base	Non-Hub
SRQ	FL	Sarasota/Bradenton	Sarasota–Bradenton International Airport	Small Hub
STC	MN	St. Cloud	St. Cloud Regional Airport	Non-Hub
STL	MS	St. Louis	St. Louis Lambert International Airport	Medium Hub
STS	CA	Santa Rosa	Charles M. Schulz–Sonoma County Airport	Non-Hub
STT	VI	Charlotte Amalie, St. Thomas	Cyril E. King Airport	Small Hub
STX	VI	Christiansted, St. Croix	Henry E. Rohlsen Airport	Non-Hub
SUN	ID	Hailey	Friedman Memorial Airport	Non-Hub
SUX	IA	Sioux City	Sioux Gateway Airport (Col. Bud Day Field)	Non-Hub
SWF	NY	Newburgh	Stewart International Airport	Non-Hub
SYR	NY	Syracuse	Syracuse Hancock International Airport	Small Hub
TLH	FL	Tallahassee	Tallahassee International Airport	Non-Hub
TOL	OH	Toledo	Toledo Express Airport	Non-Hub
TPA	FL	Tampa	Tampa International Airport	Large Hub
TRI	TN	Bristol/Johnson City/Kingsport	Tri-Cities Regional Airport (Tri-Cities Regional TN/VA)	Non-Hub
TTN	NJ	Trenton	Trenton Mercer Airport	Non-Hub
TUL	OK	Tulsa	Tulsa International Airport	Small Hub
TUS	AZ	Tucson	Tucson International Airport	Small Hub
TVC	MI	Traverse City	Cherry Capital Airport	Non-Hub
TWF	ID	Twin Falls	Magic Valley Regional Airport (Joslin Field)	Non-Hub
TXK	AR	Texarkana	Texarkana Regional Airport (Webb Field)	Non-Hub
TYR	TX	Tyler	Tyler Pounds Regional Airport	Non-Hub
TYS	TN	Knoxville	McGhee Tyson Airport	Small Hub
UIN	IL	Quincy	Quincy Regional Airport (Baldwin Field)	Non-Hub
UNK	AK	Unalakleet	Unalakleet Airport	Non-Hub
UNV	PA	State College	University Park Airport	Non-Hub
VDZ	AK	Valdez	Valdez Airport (Pioneer Field)	Non-Hub
VLD	GA	Valdosta	Valdosta Regional Airport	Non-Hub
VPS	FL	Valparaiso	Destin–Fort Walton Beach Airport/Eglin Air Force Base	Non-Hub
VQS	PR	Vieques	Antonio Rivera Rodríguez Airport	Non-Hub
VRB	FL	Vero Beach	Vero Beach Regional Airport	Non-Hub
WRG	AK	Wrangell	Wrangell Airport	Non-Hub
WST	RI	Westerly	Westerly State Airport	Non-Hub
XNA	AR	Fayetteville	Northwest Arkansas Regional Airport	Small Hub
YAK	AK	Yakutat	Yakutat Airport	Non-Hub
YKM	WA	Yakima	Yakima Air Terminal (McAllister Field)	Non-Hub
YNG	OH	Youngstown/Warren	Youngstown-Warren Regional Airport/Youngstown ARS	Non-Hub


