Yellow-ridged			Tucan	Ramphastos vitellinus culminatus	Ramphastos	Channel-billed	Ramphastidae	Piciformes
Ariel			Tucan	Ramphastos vitellinus ariel	Ramphastos	Channel-billed	Ramphastidae	Piciformes
R. v. vitellinus			Tucan	Ramphastos vitellinus	Ramphastos	Channel-billed	Ramphastidae	Piciformes
Wagler's toucanet			Tucan	Aulacorhynchus wagleri	Aulacorhynchus		Ramphastidae	Piciformes
Emerald toucanet			Tucan	Aulacorhynchus prasinus	Aulacorhynchus		Ramphastidae	Piciformes
Blue-throated toucanet			Tucan	Aulacorhynchus caeruleogularis	Aulacorhynchus		Ramphastidae	Piciformes
White-throated toucanet			Tucan	Aulacorhynchus albivitta	Aulacorhynchus		Ramphastidae	Piciformes
Black-throated toucanet			Tucan	Aulacorhynchus atrogularis	Aulacorhynchus		Ramphastidae	Piciformes
Hooded mountain toucan			Tucan	Andigena cucullata	Andigena		Ramphastidae	Piciformes
Collared aracari			Tucan	Pteroglossus torquatus	Pteroglossus		Ramphastidae	Piciformes
Ivory-billed aracari			Tucan	Pteroglossus azara	Pteroglossus		Ramphastidae	Piciformes
Blue-banded toucanet			Tucan	Aulacorhynchus coeruleicinctis	Aulacorhynchus		Ramphastidae	Piciformes
Red-necked aracari			Tucan	Pteroglossus bitorquatus	Pteroglossus		Ramphastidae	Piciformes
Guianan toucanet			Tucan	Selenidera piperivera	Selenidera		Ramphastidae	Piciformes
Fiery-billed aracari			Tucan	Pteroglossus frantzii	Pteroglossus		Ramphastidae	Piciformes
Many-banded aracari			Tucan	Pteroglossus pluricinctus	Pteroglossus		Ramphastidae	Piciformes
Curl-crested aracari			Tucan	Pteroglossus beauharnaisii	Pteroglossus		Ramphastidae	Piciformes
Black-necked aracari			Tucan	Pteroglossus aracari	Pteroglossus		Ramphastidae	Piciformes
Tepui toucanet			Tucan	Aulacorhynchus whitelianus	Aulacorhynchus		Ramphastidae	Piciformes
Green-billed			Tucan	Ramphastos dicolorus	Ramphastos		Ramphastidae	Piciformes
Saffron toucanet			Tucan	Pteroglossus bailloni	Pteroglossus		Ramphastidae	Piciformes
Black-billed mountain toucan			Tucan	Andigena nigrirostris	Andigena		Ramphastidae	Piciformes
Channel-billed			Tucan	Ramphastos vitellinus	Ramphastos		Ramphastidae	Piciformes
Choco			Tucan	Ramphastos brevis	Ramphastos		Ramphastidae	Piciformes
Golden-collared toucanet			Tucan	Selenidera reinwardtii	Selenidera		Ramphastidae	Piciformes
Toco			Tucan	Ramphastos toco	Ramphastos		Ramphastidae	Piciformes
Lettered aracari			Tucan	Pteroglossus inscriptus	Pteroglossus		Ramphastidae	Piciformes
White-throated			Tucan	Ramphastos tucanus	Ramphastos		Ramphastidae	Piciformes
Pale-mandibled aracari			Tucan	Pteroglossus erythropygius	Pteroglossus		Ramphastidae	Piciformes
Yellow-browed toucanet			Tucan	Aulacorhynchus huallagae	Aulacorhynchus		Ramphastidae	Piciformes
Chestnut-tipped toucanet			Tucan	Aulacorhynchus derbianus	Aulacorhynchus		Ramphastidae	Piciformes
Keel-billed			Tucan	Ramphastos sulfuratus	Ramphastos		Ramphastidae	Piciformes
Chestnut-eared aracari			Tucan	Pteroglossus castanotis	Pteroglossus		Ramphastidae	Piciformes
Grey-breasted mountain toucan			Tucan	Andigena hypoglauca	Andigena		Ramphastidae	Piciformes
Plate-billed mountain toucan			Tucan	Andigena laminirostris	Andigena		Ramphastidae	Piciformes
Groove-billed toucanet			Tucan	Aulacorhynchus sulcatus	Aulacorhynchus		Ramphastidae	Piciformes
Yellow-eared toucanet			Tucan	Selenidera spectabilis	Selenidera		Ramphastidae	Piciformes
Gould's toucanet			Tucan	Selenidera gouldii	Selenidera		Ramphastidae	Piciformes
Stripe-billed aracari			Tucan	Pteroglossus sanguineus	Pteroglossus		Ramphastidae	Piciformes
Spot-billed toucanet			Tucan	Selenidera maculirostris	Selenidera		Ramphastidae	Piciformes
Green aracari			Tucan	Pteroglossus viridis	Pteroglossus		Ramphastidae	Piciformes
Yellow-throated			Tucan	Ramphastos ambiguus	Ramphastos		Ramphastidae	Piciformes
Crimson-rumped toucanet			Tucan	Aulacorhynchus haematopygus	Aulacorhynchus		Ramphastidae	Piciformes
Tawny-tufted toucanet			Tucan	Selenidera nattereri	Selenidera		Ramphastidae	Piciformes
Brown-mandibled aracari			Tucan	Pteroglossus mariae	Pteroglossus		Ramphastidae	Piciformes
Citron-throated			Tucan	Ramphastos citreolaemus	Ramphastos		Ramphastidae	Piciformes
Great Blue			Turaco	Corythaeola cristata	Corythaeola		Musophagidae	Musophagiformes
Reichenow's			Turaco	Tauraco reichenowi	Tauraco		Musophagidae	Musophagiformes
Red-crested			Turaco	Proturacus erythrolophus	Tauraco		Musophagidae	Musophagiformes
Western Green			Turaco	Tauraco buffoni	Tauraco		Musophagidae	Musophagiformes
Rwenzori			Turaco	Gallirex johnstoni	Gallirex		Musophagidae	Musophagiformes
Zambia			Turaco	Tauraco marungensis	Tauraco		Musophagidae	Musophagiformes
Livingstone's			Turaco	Tauraco livingstonii	Tauraco		Musophagidae	Musophagiformes
Ross's			Turaco	Musophaga rossae	Musophaga		Musophagidae	Musophagiformes
Schalow's			Turaco	Tauraco schalowi	Tauraco		Musophagidae	Musophagiformes
Eastern Black-billed			Turaco	Tauraco emini	Tauraco		Musophagidae	Musophagiformes
Loita			Turaco	Tauraco loitanus	Tauraco		Musophagidae	Musophagiformes
Southern Purple-crested			Turaco	Gallirex porphyreolophus	Gallirex		Musophagidae	Musophagiformes
Hartlaub's			Turaco	Tauraco hartlaubi	Tauraco		Musophagidae	Musophagiformes
White-cheeked			Turaco	Menelikornis leucotis	Gallirex		Musophagidae	Musophagiformes
Ngorongoro			Turaco	Tauraco chalcolophus	Tauraco		Musophagidae	Musophagiformes
Guinea	Eastern Green		Turaco	Tauraco persa	Tauraco		Musophagidae	Musophagiformes
Knysna			Turaco	Tauraco corythaix	Tauraco		Musophagidae	Musophagiformes
White-crested			Turaco	Proturacus leucolophus	Tauraco		Musophagidae	Musophagiformes
Northern Purple-crested			Turaco	Gallirex chlorochlamys	Gallirex		Musophagidae	Musophagiformes
Prince Ruspoli's			Turaco	Menelikornis ruspolii	Gallirex		Musophagidae	Musophagiformes
Donaldson's			Turaco	Menelikornis donaldsoni	Gallirex		Musophagidae	Musophagiformes
Western Yellow-billed			Turaco	Musophaga macrorhynchus	Musophaga		Musophagidae	Musophagiformes
Fischer's			Turaco	Tauraco fischeri	Tauraco		Musophagidae	Musophagiformes
Kivu			Turaco	Gallirex kivuensis	Gallirex		Musophagidae	Musophagiformes
Violet			Turaco	Musophaga violacea	Musophaga		Musophagidae	Musophagiformes
Eastern Yellow-billed			Turaco	Musophaga verreauxii	Musophaga		Musophagidae	Musophagiformes
Bannerman's			Turaco	Proturacus bannermani	Tauraco		Musophagidae	Musophagiformes
Black-billed			Turaco	Tauraco schuettii	Tauraco		Musophagidae	Musophagiformes



Silvery-cheeked			Hornbill	Bycanistes brevis	Bycanistes		Bucerotidae	Bucerotiformes
Southern Ground			Hornbill	Bucorvus leadbeateri	Bucorvus		Bucorvidae	Bucerotiformes
Northern Ground	Abyssinian		Hornbill	Bucorvus abyssinicus	Bucorvus		Bucorvidae	Bucerotiformes
Western red-billed hornbill			Hornbill	Tockus kempi	Tockus		Bucerotidae	Bucerotiformes
Silvery-cheeked hornbill			Hornbill	Bycanistes brevis	Bycanistes		Bucerotidae	Bucerotiformes
Narcondam hornbill			Hornbill	Rhyticeros narcondami	Rhyticeros		Bucerotidae	Bucerotiformes
Rufous-necked hornbill			Hornbill	Aceros nipalensis	Aceros		Bucerotidae	Bucerotiformes
Rufous hornbill			Hornbill	Buceros hydrocorax	Buceros		Bucerotidae	Bucerotiformes
Austen's brown hornbill			Hornbill	Anorrhinus austeni	Anorrhinus		Bucerotidae	Bucerotiformes
Rhinoceros hornbill			Hornbill	Buceros rhinoceros	Buceros		Bucerotidae	Bucerotiformes
Helmeted hornbill			Hornbill	Rhinoplax vigil	Rhinoplax		Bucerotidae	Bucerotiformes
Tanzanian red-billed hornbill			Hornbill	Tockus ruahae	Tockus		Bucerotidae	Bucerotiformes
Bradfield's hornbill			Hornbill	Lophoceros bradfieldi	Lophoceros		Bucerotidae	Bucerotiformes
Monteiro's hornbill			Hornbill	Tockus monteiri	Tockus		Bucerotidae	Bucerotiformes
Papuan hornbill			Hornbill	Rhyticeros plicatus	Rhyticeros		Bucerotidae	Bucerotiformes
Sri Lanka grey hornbill			Hornbill	Ocyceros gingalensis	Ocyceros		Bucerotidae	Bucerotiformes
Writhed hornbill			Hornbill	Rhabdotorrhinus leucocephalus	Rhabdotorrhinus		Bucerotidae	Bucerotiformes
Luzon hornbill			Hornbill	Penelopides manillae	Penelopides		Bucerotidae	Bucerotiformes
Black-casqued wattled hornbill			Hornbill	Ceratogymna atrata	Ceratogymna		Bucerotidae	Bucerotiformes
Wreathed hornbill			Hornbill	Rhyticeros undulatus	Rhyticeros		Bucerotidae	Bucerotiformes
Tickell's brown hornbill			Hornbill	Anorrhinus tickelli	Anorrhinus		Bucerotidae	Bucerotiformes
African grey hornbill			Hornbill	Lophoceros nasutus	Lophoceros		Bucerotidae	Bucerotiformes
Malabar pied hornbill			Hornbill	Anthracoceros coronatus	Anthracoceros		Bucerotidae	Bucerotiformes
Knobbed hornbill			Hornbill	Rhyticeros cassidix	Rhyticeros		Bucerotidae	Bucerotiformes
Southern red-billed hornbill			Hornbill	Tockus rufirostris	Tockus		Bucerotidae	Bucerotiformes
White-crested hornbill			Hornbill	Horizocerus albocristatus	Horizocerus		Bucerotidae	Bucerotiformes
Brown-cheeked hornbill			Hornbill	Bycanistes cylindricus	Bycanistes		Bucerotidae	Bucerotiformes
Sumba hornbill			Hornbill	Rhyticeros everetti	Rhyticeros		Bucerotidae	Bucerotiformes
Crowned hornbill			Hornbill	Lophoceros alboterminatus	Lophoceros		Bucerotidae	Bucerotiformes
Indian grey hornbill			Hornbill	Ocyceros biostris	Ocyceros		Bucerotidae	Bucerotiformes
Oriental pied hornbill			Hornbill	Anthracoceros albirostris	Anthracoceros		Bucerotidae	Bucerotiformes
Plain-pouched hornbill			Hornbill	Rhyticeros subruficollis	Rhyticeros		Bucerotidae	Bucerotiformes
Piping hornbill			Hornbill	Bycanistes fistulator	Bycanistes		Bucerotidae	Bucerotiformes
Damara red-billed hornbill			Hornbill	Tockus damarensis	Tockus		Bucerotidae	Bucerotiformes
Southern yellow-billed hornbill			Hornbill	Tockus leucomelas	Tockus		Bucerotidae	Bucerotiformes
Sulawesi hornbill			Hornbill	Rhabdotorrhinus exarhatus	Rhabdotorrhinus		Bucerotidae	Bucerotiformes
Mindoro hornbill			Hornbill	Penelopides mindorensis	Penelopides		Bucerotidae	Bucerotiformes
Von der Decken's hornbill			Hornbill	Tockus deckeni	Tockus		Bucerotidae	Bucerotiformes
Black hornbill			Hornbill	Anthracoceros malayanus	Anthracoceros		Bucerotidae	Bucerotiformes
Rufous-headed hornbill			Hornbill	Rhabdotorrhinus waldeni	Rhabdotorrhinus		Bucerotidae	Bucerotiformes
Yellow-casqued wattled hornbill			Hornbill	Ceratogymna elata	Ceratogymna		Bucerotidae	Bucerotiformes
White-crowned hornbill			Hornbill	Berenicornis comatus	Berenicornis		Bucerotidae	Bucerotiformes
Mindanao hornbill			Hornbill	Penelopides affinis	Penelopides		Bucerotidae	Bucerotiformes
Eastern yellow-billed hornbill			Hornbill	Tockus flavirostris	Tockus		Bucerotidae	Bucerotiformes
African pied hornbill			Hornbill	Lophoceros fasciatus	Lophoceros		Bucerotidae	Bucerotiformes
Great hornbill			Hornbill	Buceros bicornis	Buceros		Bucerotidae	Bucerotiformes
Black dwarf hornbill			Hornbill	Horizocerus hartlaubi	Horizocerus		Bucerotidae	Bucerotiformes
Wrinkled hornbill			Hornbill	Rhabdotorrhinus corrugatus	Rhabdotorrhinus		Bucerotidae	Bucerotiformes
Black-and-white-casqued hornbill			Hornbill	Bycanistes subcylindricus	Bycanistes		Bucerotidae	Bucerotiformes
Visayan hornbill			Hornbill	Penelopides panini	Penelopides		Bucerotidae	Bucerotiformes
Sulu hornbill			Hornbill	Anthracoceros montani	Anthracoceros		Bucerotidae	Bucerotiformes
Pale-billed hornbill			Hornbill	Lophoceros pallidirostris	Lophoceros		Bucerotidae	Bucerotiformes
Hemprich's hornbill			Hornbill	Lophoceros hemprichii	Lophoceros		Bucerotidae	Bucerotiformes
Bushy-crested hornbill			Hornbill	Anorrhinus galeritus	Anorrhinus		Bucerotidae	Bucerotiformes
White-thighed hornbill			Hornbill	Bycanistes albotibialis	Bycanistes		Bucerotidae	Bucerotiformes
Red-billed dwarf hornbill			Hornbill	Lophoceros camurus	Lophoceros		Bucerotidae	Bucerotiformes
Samar hornbill			Hornbill	Penelopides samarensis	Penelopides		Bucerotidae	Bucerotiformes
Trumpeter hornbill			Hornbill	Bycanistes bucinator	Bycanistes		Bucerotidae	Bucerotiformes
Jackson's hornbill			Hornbill	Tockus jacksoni	Tockus		Bucerotidae	Bucerotiformes
Palawan hornbill			Hornbill	Antracoceros marchei	Antracoceros		Bucerotidae	Bucerotiformes
Northern red-billed hornbill			Hornbill	Tockus erythrorhynchus	Tockus		Bucerotidae	Bucerotiformes
Malabar grey hornbill			Hornbill	Ocyceros griseus	Ocyceros		Bucerotidae	Bucerotiformes

Yellow-naped		YNA	Amazon	Amazona auropalliata	Amazona		Psittacidae	Psittaciformes	
Blue-fronted		BFA	Amazon	A. aestiva	Amazona		Psittacidae	Psittaciformes	
Double Yellow-headed		DYH	Amazon	Amazona oratrix	Amazona		Psittacidae	Psittaciformes	
Lilac-crowned			Amazon	Amazona finschi	Amazona		Psittacidae	Psittaciformes	
Panama			Amazon	Amazona ochrocephala panamensis	Amazona		Psittacidae	Psittaciformes	
Yellow-headed		YHA	Amazon	Amazona oratrix	Amazona		Psittacidae	Psittaciformes	
Mexican Red-headed	Red-crowned		Amazon	Amazona viridigenalis	Amazona		Psittacidae	Psittaciformes	
Bodine's	Festive		Amazon	Amazona festiva	Amazona		Psittacidae	Psittaciformes	
Tucumán			Amazon	Amazona tucumana	Amazona		Psittacidae	Psittaciformes	
Vinaceous-breasted		Vinaceous	Amazon	Amazona vinacea	Amazona		Psittacidae	Psittaciformes	"(M) ""Marco"""
Black-billed			Amazon	Amazona agilis	Amazona		Psittacidae	Psittaciformes	
White-fronted			Amazon	Amazona albifrons	Amazona		Psittacidae	Psittaciformes	
Southern Mealy			Amazon	Amazona farinosa	Amazona		Psittacidae	Psittaciformes	
Red-lored			Amazon	Amazona autumnalis	Amazona		Psittacidae	Psittaciformes	
Yellow-crowned			Amazon	Amazona ochrocephala	Amazona		Psittacidae	Psittaciformes	
Orange-winged			Amazon	Amazona amazonica	Amazona		Psittacidae	Psittaciformes	
Turquoise-fronted			Amazon	Amazona aestiva	Amazona		Psittacidae	Psittaciformes	
Salvin's			Amazon	Amazona autumnalis salvini	Amazona		Psittacidae	Psittaciformes	
Yellow-billed			Amazon	Amazona collaria	Amazona		Psittacidae	Psittaciformes	
Puerto Rican			Amazon	Amazona vittata	Amazona		Psittacidae	Psittaciformes	
Red-browed			Amazon	Amazona rhodocorytha	Amazona		Psittacidae	Psittaciformes	
Saint Lucia			Amazon	Amazona versicolor	Amazona		Psittacidae	Psittaciformes	
Red-necked			Amazon	Amazona arausiaca	Amazona		Psittacidae	Psittaciformes	
Diademed			Amazon	Amazona diadema	Amazona		Psittacidae	Psittaciformes	
Red-spectacled			Amazon	Amazona pretrei	Amazona		Psittacidae	Psittaciformes	
Red-crowned			Amazon	Amazona viridigenalis	Amazona		Psittacidae	Psittaciformes	
Imperial			Amazon	Amazona imperialis	Amazona		Psittacidae	Psittaciformes	
Lilacine			Amazon	Amazona lilacina	Amazona		Psittacidae	Psittaciformes	
Cuban			Amazon	Amazona leucocephala	Amazona		Psittacidae	Psittaciformes	
Blue-cheeked			Amazon	Amazona dufresniana	Amazona		Psittacidae	Psittaciformes	
Yellow-shouldered			Amazon	Amazona barbadensis	Amazona		Psittacidae	Psittaciformes	
Tres Marías			Amazon	Amazona tresmariae	Amazona		Psittacidae	Psittaciformes	
Saint Vincent			Amazon	Amazona guildingii	Amazona		Psittacidae	Psittaciformes	
Red-tailed			Amazon	Amazona brasiliensis	Amazona		Psittacidae	Psittaciformes	
Northern Mealy			Amazon	Amazona guatemalae	Amazona		Psittacidae	Psittaciformes	
Hispaniolan			Amazon	Amazona ventralis	Amazona		Psittacidae	Psittaciformes	
Yucatan			Amazon	Amazona xantholora	Amazona		Psittacidae	Psittaciformes	
Kawall's			Amazon	Amazona kawalli	Amazona		Psittacidae	Psittaciformes	
Scaly-naped			Amazon	Amazona mercenarius	Amazona		Psittacidae	Psittaciformes	
Festive			Amazon	Amazona festiva	Amazona		Psittacidae	Psittaciformes	
Black-headed			Caique	Pionites leucogaster	Pionites		Psittacidae	Psittaciformes	
White-bellied			Caique	Pionites leucogaster	Pionites		Psittacidae	Psittaciformes	
Bare-eyed	Little corella		Cockatoo	Cacatua sanguinea	Cacatua		Cacatuidae	Psittaciformes	

Red-sided	New Guinean		Eclectus	Eclectus roratus polychloros	Eclectus		Psittaculidae	Psittaciformes	
Solomon Island		Eclectus	Eclectus	Eclectus roratus solomonensis	Eclectus		Psittaculidae	Psittaciformes	
Vosmaer's	Vos	Vos	Eclectus	Eclectus roratus vosmaeri	Eclectus		Psittaculidae	Psittaciformes	
Grand			Eclectus	Eclectus roratus roratus	Eclectus		Psittaculidae	Psittaciformes	
Aruensis	Aru Island		Eclectus	Eclectus roratus aruensis	Eclectus		Psittaculidae	Psittaciformes	
Biak	Biak Island		Eclectus	Eclectus roratus biaki	Eclectus		Psittaculidae	Psittaciformes	
Wessterman's			Eclectus	Eclectus roratus westermani	Eclectus		Psittaculidae	Psittaciformes	
Sumba Island			Eclectus	Eclectus roratus cornelia	Eclectus		Psittaculidae	Psittaciformes	
Tanimbar Islands			Eclectus	Eclectus roratus riedeli	Eclectus		Psittaculidae	Psittaciformes	
Australian			Eclectus	Eclectus roratus macgillivrayi	Eclectus		Psittaculidae	Psittaciformes	
White-bellied			Go-away-bird	Crinifer leucogaster	Crinifer		Musophagidae	Musophagiformes	
Bare-faced			Go-away-bird	Crinifer personatus	Crinifer		Musophagidae	Musophagiformes	
Gray 			Go-away-bird	Crinifer concolor	Crinifer		Musophagidae	Musophagiformes	